Employee_ID,Age,Department,Salary,Joining_Date,Performance_Score,Is_Promoted
1001,50.0,Marketing,138864.0,2021-10-30,2.9,1
1002,36.0,Marketing,52329.0,2022-05-28,2.8,0
1003,29.0,HR,65169.0,2023-03-20,1.9,0
1004,42.0,HR,127468.0,2020-12-09,2.6,0
1005,40.0,Sales,74594.0,2018-05-22,1.2,0
1006,44.0,Marketing,,2018-03-24,2.1,1
1007,32.0,Marketing,100631.0,2023-05-14,4.3,0
1008,32.0,nan,85033.0,2022-12-27,2.1,0
1009,45.0,HR,103133.0,2020-10-11,4.3,0
1010,57.0,Marketing,,2020-08-15,3.1,0
1011,45.0,Sales,113861.0,2021-11-10,,0
1012,24.0,nan,92290.0,2018-01-25,3.3,0
1013,43.0,Marketing,134031.0,2020-03-13,1.1,0
1014,23.0,HR,71750.0,2021-09-23,3.7,0
1015,45.0,Sales,135155.0,2023-02-20,1.2,0
1016,,Finance,80461.0,2019-11-13,2.8,1
1017,59.0,Sales,113800.0,2019-03-14,4.7,0
1018,23.0,Engineering,,2018-12-20,,1
1019,42.0,Engineering,64226.0,2019-12-16,2.6,0
1020,54.0,HR,46721.0,2020-05-08,3.9,0
1021,33.0,Marketing,96154.0,2018-10-25,4.5,0
1022,43.0,HR,60609.0,2018-09-10,3.7,0
1023,46.0,HR,92130.0,2023-06-17,2.0,0
1024,48.0,HR,,2022-09-19,3.7,0
1025,49.0,HR,144211.0,2018-02-21,2.2,0
1026,37.0,Finance,95249.0,2021-04-06,3.9,1
1027,36.0,Finance,88895.0,2018-08-23,4.8,0
1028,24.0,Sales,134473.0,2019-05-09,3.9,0
1029,58.0,Engineering,45656.0,2022-10-25,4.5,0
1030,28.0,HR,114520.0,2022-06-23,1.0,0
1031,42.0,Sales,103740.0,2022-02-02,,0
1032,30.0,Engineering,104309.0,2021-05-17,4.3,0
1033,39.0,Marketing,69984.0,2023-05-27,1.2,0
1034,25.0,Finance,113822.0,2021-07-16,4.5,0
1035,46.0,Engineering,45901.0,2019-06-24,2.0,0
1036,35.0,Marketing,71552.0,2020-06-29,3.7,0
1037,30.0,Engineering,,2020-01-03,,1
1038,47.0,Finance,71055.0,2018-10-17,3.7,1
1039,23.0,Finance,77685.0,2022-06-15,1.4,0
1040,41.0,nan,113965.0,2021-11-17,3.4,0
1041,49.0,HR,54716.0,2023-06-17,3.2,0
1042,28.0,Engineering,51138.0,2022-09-04,4.6,0
1043,29.0,Engineering,75298.0,2023-03-14,2.6,0
1044,56.0,Marketing,91112.0,2019-08-15,2.3,0
1045,35.0,Finance,63429.0,2023-05-22,4.0,0
1046,38.0,Engineering,90200.0,2019-07-19,2.7,0
1047,57.0,Finance,111308.0,2022-04-10,3.6,0
1048,25.0,Engineering,88244.0,2022-11-11,3.6,1
1049,23.0,Sales,141268.0,2022-09-14,4.6,0
1050,27.0,HR,145441.0,2022-05-07,3.4,0
1051,25.0,Engineering,57347.0,2021-11-13,3.0,1
1052,50.0,Finance,56920.0,2018-01-17,1.6,1
1053,39.0,Sales,71822.0,2019-09-05,1.5,0
1054,47.0,Engineering,86659.0,2022-03-26,1.6,0
1055,55.0,nan,80108.0,2020-03-14,1.7,0
1056,31.0,HR,129099.0,2020-01-16,,1
1057,,Engineering,47967.0,2019-06-07,4.0,1
1058,35.0,Sales,51871.0,2022-03-26,3.1,0
1059,52.0,Marketing,134299.0,2019-11-10,4.3,0
1060,36.0,Sales,117452.0,2018-11-19,,0
1061,29.0,Sales,114270.0,2022-12-28,4.3,0
1062,35.0,Marketing,73613.0,2019-03-11,3.8,0
1063,44.0,Sales,68179.0,2021-08-21,3.1,1
1064,42.0,Marketing,92188.0,2019-08-26,2.8,0
1065,37.0,Engineering,95099.0,2022-03-04,1.3,1
1066,39.0,Marketing,75262.0,2022-08-25,2.6,1
1067,45.0,Marketing,118213.0,2019-01-04,4.6,0
1068,47.0,HR,58268.0,2022-11-14,4.2,0
1069,46.0,Marketing,117866.0,2020-12-08,1.9,0
1070,50.0,Marketing,126269.0,2019-03-23,2.9,0
1071,36.0,Engineering,100545.0,2018-08-09,4.3,0
1072,22.0,HR,143483.0,2023-05-30,1.3,0
1073,46.0,Finance,132822.0,2018-12-31,2.5,0
1074,28.0,Engineering,112146.0,2023-04-20,4.4,0
1075,30.0,Engineering,111966.0,2022-10-16,2.6,0
1076,45.0,Finance,79922.0,2019-02-21,1.3,0
1077,22.0,Marketing,119364.0,2019-04-27,,0
1078,29.0,nan,82913.0,2023-05-10,4.4,0
1079,45.0,HR,137033.0,2018-03-04,3.4,0
1080,32.0,Sales,144792.0,2021-03-19,1.9,0
1081,38.0,Finance,95677.0,2020-12-04,2.5,0
1082,29.0,Engineering,142154.0,2021-01-17,2.8,0
1083,56.0,Engineering,89841.0,2018-04-17,3.3,0
1084,56.0,HR,86332.0,2020-03-18,4.0,0
1085,54.0,nan,132062.0,2019-11-17,1.4,1
1086,26.0,Engineering,135694.0,2018-01-05,4.6,0
1087,,HR,65032.0,2018-05-14,1.0,0
1088,28.0,HR,77846.0,2021-09-13,2.5,0
1089,30.0,Finance,99474.0,2018-01-18,1.1,0
1090,29.0,Engineering,84936.0,2021-08-15,2.6,0
1091,33.0,Engineering,69794.0,2018-02-12,3.1,0
1092,55.0,Finance,101588.0,2022-12-15,3.0,0
1093,54.0,Marketing,110984.0,2021-08-22,1.7,0
1094,44.0,Marketing,90331.0,2018-12-23,3.6,0
1095,45.0,Marketing,,2021-09-24,1.2,0
1096,,Finance,68141.0,2020-01-28,4.0,0
1097,56.0,Engineering,49074.0,2021-02-15,4.8,1
1098,43.0,Finance,46406.0,2022-11-12,2.4,0
1099,48.0,Finance,137359.0,2020-01-08,3.1,0
1100,56.0,Marketing,63291.0,2018-10-13,2.5,0
1101,22.0,Sales,81568.0,2018-10-31,1.0,0
1102,56.0,Engineering,137539.0,2021-07-25,2.5,0
1103,58.0,Marketing,,2022-04-27,4.2,0
1104,,Sales,139942.0,2021-12-25,3.4,0
1105,24.0,Sales,,2018-01-21,1.4,0
1106,22.0,HR,63312.0,2021-03-31,,0
1107,26.0,Engineering,83108.0,2020-09-23,3.1,0
1108,,Sales,106918.0,2018-07-10,4.4,1
1109,35.0,Marketing,74171.0,2019-10-23,3.3,0
1110,48.0,HR,81779.0,2020-02-28,,0
1111,30.0,Engineering,108828.0,2018-08-06,1.4,0
1112,36.0,nan,147315.0,2020-10-27,1.7,0
1113,36.0,Marketing,138723.0,2020-08-15,4.9,0
1114,47.0,Sales,52411.0,2020-06-12,1.9,0
1115,34.0,Sales,142821.0,2020-05-11,4.9,0
1116,53.0,Marketing,97009.0,2019-05-13,3.1,0
1117,53.0,Sales,55422.0,2023-03-14,1.5,0
1118,25.0,HR,82468.0,2022-07-25,1.4,0
1119,51.0,Engineering,72371.0,2021-05-24,1.8,1
1120,58.0,HR,97022.0,2020-08-21,4.7,0
1121,44.0,Sales,111229.0,2021-11-29,2.7,0
1122,36.0,Finance,139071.0,2021-05-07,,0
1123,50.0,Engineering,91196.0,2020-08-22,2.3,0
1124,57.0,Engineering,120354.0,2021-06-14,1.6,0
1125,34.0,Marketing,136774.0,2021-02-25,3.0,0
1126,53.0,Marketing,136410.0,2018-10-02,1.5,0
1127,28.0,Finance,66715.0,2019-01-08,,0
1128,43.0,Engineering,67605.0,2018-03-24,2.5,0
1129,49.0,nan,139853.0,2023-02-10,2.5,0
1130,23.0,Marketing,,2020-05-22,2.9,0
1131,27.0,Marketing,49956.0,2019-12-07,2.8,0
1132,49.0,Engineering,144444.0,2021-11-29,5.0,0
1133,49.0,HR,116373.0,2020-01-05,3.2,0
1134,41.0,Sales,109252.0,2022-11-29,1.4,1
1135,,Marketing,,2018-07-08,3.4,1
1136,32.0,Marketing,102646.0,2019-04-29,1.6,1
1137,49.0,HR,110017.0,2020-12-14,1.1,0
1138,46.0,HR,103037.0,2022-11-09,4.9,0
1139,,Finance,129818.0,2022-04-26,4.1,0
1140,,Finance,46548.0,2021-07-15,4.9,0
1141,48.0,Sales,143141.0,2021-01-02,2.9,0
1142,34.0,Sales,113294.0,2018-07-10,3.1,1
1143,24.0,Engineering,149204.0,2022-01-29,1.7,1
1144,27.0,Finance,63177.0,2022-03-23,2.0,0
1145,29.0,Marketing,64022.0,2021-12-20,4.4,0
1146,48.0,Finance,146297.0,2022-12-05,2.4,0
1147,30.0,Marketing,45542.0,2022-05-12,4.3,1
1148,58.0,HR,131012.0,2023-03-11,3.8,1
1149,54.0,nan,136320.0,2019-04-16,1.7,0
1150,45.0,HR,100428.0,2018-11-20,3.0,0
1151,36.0,Sales,62740.0,2022-09-23,3.7,1
1152,53.0,Sales,99353.0,2021-11-06,1.9,0
1153,,Engineering,130353.0,2019-12-15,4.3,0
1154,45.0,Finance,96532.0,2020-10-14,3.2,1
1155,33.0,HR,56052.0,2019-06-17,1.7,0
1156,23.0,Marketing,140689.0,2020-07-02,3.3,0
1157,24.0,Sales,87076.0,2018-06-28,5.0,0
1158,58.0,Sales,93420.0,2021-10-07,1.6,0
1159,38.0,Marketing,,2021-05-30,4.3,1
1160,23.0,HR,40163.0,2021-02-02,1.8,0
1161,23.0,HR,81424.0,2023-02-12,4.1,1
1162,49.0,nan,149538.0,2018-12-27,3.9,0
1163,44.0,Finance,93744.0,2022-05-08,2.2,0
1164,58.0,nan,110331.0,2019-08-22,2.3,0
1165,53.0,Sales,50634.0,2021-06-13,4.2,0
1166,54.0,Finance,44798.0,2020-10-29,2.8,0
1167,22.0,HR,62420.0,2019-12-27,3.9,0
1168,40.0,Marketing,69300.0,2018-05-10,1.6,0
1169,23.0,HR,129881.0,2019-08-16,4.4,0
1170,47.0,Sales,50749.0,2022-11-25,3.8,0
1171,53.0,HR,144131.0,2022-07-17,4.6,0
1172,27.0,Engineering,65121.0,2018-02-14,1.5,0
1173,53.0,Sales,77487.0,2022-08-30,3.4,0
1174,25.0,Marketing,133947.0,2019-12-13,3.4,0
1175,32.0,Engineering,73361.0,2021-09-07,2.4,0
1176,38.0,Sales,61223.0,2023-03-05,2.8,0
1177,59.0,Marketing,112930.0,2020-01-20,1.2,0
1178,45.0,Engineering,54056.0,2022-11-05,,1
1179,26.0,Engineering,,2023-04-24,3.2,0
1180,55.0,Sales,66035.0,2021-05-28,1.2,0
1181,27.0,Finance,70620.0,2023-05-20,3.7,0
1182,43.0,Engineering,59877.0,2019-09-04,2.9,0
1183,32.0,Engineering,95316.0,2022-12-08,1.1,0
1184,37.0,Marketing,104041.0,2018-08-17,4.9,0
1185,54.0,HR,148940.0,2022-10-10,4.8,0
1186,30.0,nan,93352.0,2020-09-11,,1
1187,27.0,Sales,70911.0,2020-08-12,1.4,0
1188,37.0,Finance,72784.0,2019-02-22,4.0,0
1189,50.0,Finance,43191.0,2021-05-28,3.0,0
1190,24.0,Sales,73160.0,2020-12-11,2.2,0
1191,41.0,Finance,130536.0,2021-04-15,3.0,0
1192,57.0,Marketing,144576.0,2018-01-02,3.1,0
1193,40.0,Sales,,2022-10-17,3.3,0
1194,47.0,Finance,89723.0,2021-08-15,2.8,1
1195,24.0,Sales,43631.0,2020-01-06,3.4,0
1196,40.0,HR,46172.0,2018-09-08,4.7,1
1197,41.0,Engineering,82080.0,2023-03-02,2.4,0
1198,53.0,Sales,129097.0,2023-02-03,3.9,0
1199,28.0,Engineering,130353.0,2018-09-26,4.6,0
1200,54.0,Finance,,2021-07-01,2.8,1
1201,39.0,Engineering,68671.0,2021-01-22,2.8,0
1202,22.0,Sales,91431.0,2018-12-18,3.4,0
1203,32.0,HR,130900.0,2021-02-06,3.4,0
1204,49.0,Finance,147210.0,2022-12-29,4.2,0
1205,46.0,Sales,132961.0,2020-07-14,2.9,0
1206,44.0,Finance,68602.0,2021-06-20,5.0,0
1207,52.0,Marketing,128789.0,2018-02-07,1.2,0
1208,51.0,Engineering,91399.0,2023-02-27,1.0,0
1209,,Marketing,,2019-10-28,3.6,0
1210,28.0,Sales,89230.0,2022-01-29,2.2,0
1211,37.0,HR,113616.0,2021-08-19,2.0,0
1212,47.0,Finance,47099.0,2019-05-09,2.2,1
1213,23.0,Engineering,65431.0,2020-08-08,2.0,0
1214,22.0,Finance,96492.0,2020-04-05,1.1,0
1215,33.0,Sales,136722.0,2023-03-09,,0
1216,26.0,Finance,,2022-01-08,1.9,0
1217,58.0,Engineering,70111.0,2018-11-22,3.9,0
1218,53.0,nan,145387.0,2022-04-12,4.1,1
1219,30.0,Finance,103936.0,2018-07-11,4.7,0
1220,56.0,HR,62614.0,2018-09-25,1.1,0
1221,40.0,Sales,132260.0,2018-11-23,4.5,0
1222,37.0,Sales,81991.0,2022-10-01,3.1,0
1223,24.0,HR,110476.0,2022-08-24,3.5,0
1224,41.0,Marketing,100920.0,2020-02-22,3.6,1
1225,45.0,Engineering,,2022-08-04,,0
1226,54.0,Marketing,103530.0,2020-05-07,2.3,0
1227,45.0,Finance,76224.0,2021-07-28,3.9,0
1228,32.0,HR,47788.0,2022-05-21,3.1,0
1229,29.0,Marketing,68082.0,2020-07-08,4.2,0
1230,57.0,Sales,129570.0,2023-04-05,,0
1231,59.0,Finance,141015.0,2021-11-07,1.8,0
1232,41.0,Finance,116816.0,2022-11-26,5.0,0
1233,56.0,Marketing,123588.0,2020-08-26,1.4,0
1234,46.0,Marketing,56531.0,2022-07-08,1.0,1
1235,56.0,HR,128340.0,2023-06-01,1.2,0
1236,46.0,Engineering,,2020-11-13,2.4,0
1237,50.0,Marketing,84857.0,2021-01-29,3.5,0
1238,39.0,Marketing,50142.0,2022-05-17,1.3,0
1239,39.0,Sales,88355.0,2018-06-26,1.0,0
1240,23.0,Finance,49866.0,2022-05-18,4.7,0
1241,56.0,Engineering,110067.0,2022-12-12,4.3,0
1242,37.0,Sales,143634.0,2019-01-13,4.2,0
1243,57.0,HR,143814.0,2021-05-17,4.5,0
1244,54.0,HR,104027.0,2022-09-10,3.8,0
1245,25.0,nan,97906.0,2021-03-26,1.4,1
1246,54.0,Marketing,68138.0,2018-02-04,2.6,0
1247,35.0,HR,132601.0,2021-09-08,3.9,0
1248,42.0,Marketing,69956.0,2023-04-11,2.1,0
1249,41.0,Engineering,147268.0,2023-01-19,3.7,0
1250,29.0,Marketing,144797.0,2021-06-04,1.1,0
1251,28.0,Finance,116295.0,2020-05-08,2.2,1
1252,24.0,Marketing,45439.0,2019-06-23,3.2,1
1253,38.0,Sales,87241.0,2018-11-04,3.5,0
1254,54.0,Engineering,82533.0,2022-04-27,3.3,1
1255,33.0,Sales,68270.0,2022-06-11,3.8,1
1256,43.0,Sales,,2018-06-28,1.0,1
1257,43.0,Finance,79279.0,2018-01-25,1.4,1
1258,,Engineering,149787.0,2022-03-24,,0
1259,59.0,Engineering,63888.0,2020-02-01,,0
1260,59.0,nan,57630.0,2021-12-08,1.5,0
1261,29.0,Engineering,101063.0,2021-07-03,4.4,0
1262,48.0,Engineering,75144.0,2020-09-07,2.0,1
1263,48.0,Finance,92161.0,2020-11-15,2.9,0
1264,55.0,Marketing,136718.0,2018-05-31,,0
1265,,Sales,,2019-03-10,3.8,1
1266,51.0,Engineering,,2020-02-29,3.7,1
1267,54.0,Marketing,90979.0,2020-06-28,1.8,1
1268,49.0,Marketing,137661.0,2021-03-14,,0
1269,54.0,Sales,,2019-07-24,2.6,0
1270,26.0,Finance,66189.0,2019-12-28,2.2,0
1271,,HR,82600.0,2020-09-14,1.6,0
1272,25.0,HR,99560.0,2021-11-04,2.1,0
1273,56.0,Marketing,118040.0,2020-07-11,1.1,0
1274,38.0,Sales,101558.0,2020-03-25,3.3,0
1275,49.0,HR,126205.0,2018-12-01,4.4,0
1276,51.0,Marketing,,2019-12-01,3.2,0
1277,50.0,Finance,97713.0,2019-03-21,1.9,0
1278,27.0,HR,86857.0,2023-06-10,1.1,0
1279,56.0,Marketing,74964.0,2020-02-13,1.9,0
1280,58.0,Marketing,125667.0,2021-01-18,2.7,0
1281,45.0,Engineering,65227.0,2022-05-05,4.0,0
1282,50.0,Finance,45978.0,2020-07-18,1.8,0
1283,52.0,nan,127527.0,2022-05-26,3.9,0
1284,56.0,Sales,57153.0,2020-11-13,4.5,1
1285,54.0,Engineering,99765.0,2022-11-01,2.8,0
1286,42.0,Engineering,139084.0,2022-08-14,4.3,0
1287,,HR,,2022-10-24,3.2,0
1288,44.0,Marketing,,2022-12-13,3.5,1
1289,54.0,Finance,109519.0,2023-05-10,3.1,0
1290,24.0,Engineering,,2018-09-06,2.9,0
1291,39.0,Finance,100703.0,2022-10-15,1.9,1
1292,46.0,Engineering,104379.0,2020-05-17,2.2,0
1293,52.0,Sales,,2018-01-09,2.2,0
1294,24.0,Engineering,97866.0,2022-11-10,3.3,0
1295,45.0,HR,56905.0,2019-04-22,1.5,0
1296,53.0,Marketing,85838.0,2021-11-09,,0
1297,43.0,Sales,98279.0,2018-04-25,3.9,0
1298,44.0,Engineering,129489.0,2020-11-17,2.6,1
1299,23.0,Finance,66806.0,2021-04-17,1.6,1
1300,48.0,Sales,85000.0,2020-09-26,4.5,0
1301,23.0,Sales,62168.0,2023-06-03,4.3,0
1302,47.0,Engineering,110119.0,2022-12-21,3.9,0
1303,38.0,Sales,78714.0,2021-05-31,2.1,1
1304,54.0,Finance,94093.0,2022-09-19,2.6,1
1305,30.0,Sales,95419.0,2021-11-05,1.4,0
1306,50.0,Finance,89145.0,2018-09-16,1.8,1
1307,47.0,Engineering,145432.0,2023-04-14,4.1,0
1308,56.0,Marketing,117425.0,2019-02-26,3.9,0
1309,,Sales,132949.0,2021-03-19,3.4,0
1310,45.0,Marketing,117811.0,2022-08-25,4.6,0
1311,34.0,Finance,42461.0,2018-02-03,,0
1312,28.0,Sales,54291.0,2023-04-13,2.9,0
1313,57.0,HR,86804.0,2018-11-07,2.4,0
1314,41.0,Marketing,116971.0,2022-07-04,4.8,1
1315,22.0,Sales,133471.0,2023-02-04,1.3,0
1316,29.0,Marketing,104946.0,2020-05-13,4.7,0
1317,37.0,Sales,138989.0,2022-11-11,4.3,0
1318,35.0,Engineering,124080.0,2021-06-04,1.5,0
1319,33.0,Marketing,101332.0,2021-03-03,3.3,0
1320,44.0,HR,117794.0,2023-01-09,4.5,0
1321,36.0,HR,70841.0,2019-12-08,3.3,0
1322,49.0,Finance,88758.0,2021-06-17,4.6,0
1323,55.0,Sales,116272.0,2019-12-06,4.8,0
1324,,Marketing,,2018-02-25,2.7,0
1325,53.0,Finance,90408.0,2020-04-16,2.5,0
1326,44.0,nan,83950.0,2023-01-29,4.7,0
1327,43.0,Sales,96849.0,2022-04-13,3.7,0
1328,46.0,HR,140500.0,2018-08-01,,1
1329,43.0,Engineering,68044.0,2023-05-17,1.2,0
1330,43.0,HR,145469.0,2021-01-23,,0
1331,27.0,Finance,55997.0,2021-08-16,4.7,0
1332,36.0,Engineering,119751.0,2020-01-18,4.4,0
1333,58.0,Finance,138605.0,2021-12-03,3.7,0
1334,54.0,Sales,63911.0,2022-01-29,1.6,1
1335,29.0,Engineering,95533.0,2019-07-20,2.0,1
1336,26.0,Finance,122566.0,2022-03-05,4.5,1
1337,25.0,Sales,134870.0,2020-06-21,1.7,0
1338,27.0,HR,54571.0,2020-11-15,2.1,0
1339,53.0,Sales,148255.0,2022-08-11,1.5,0
1340,,Marketing,134463.0,2020-05-13,3.7,0
1341,56.0,Sales,97941.0,2020-07-02,4.8,0
1342,37.0,Sales,98005.0,2020-11-03,2.1,0
1343,34.0,Marketing,126250.0,2023-05-22,2.9,1
1344,51.0,Finance,,2022-06-27,3.5,0
1345,40.0,Finance,83541.0,2020-04-29,5.0,0
1346,38.0,Sales,63387.0,2018-10-19,1.4,0
1347,40.0,Marketing,133980.0,2020-05-21,3.0,0
1348,49.0,Marketing,88908.0,2019-09-22,2.5,0
1349,,HR,125457.0,2022-02-24,4.5,0
1350,58.0,Finance,53057.0,2018-12-06,2.9,0
1351,47.0,Engineering,104028.0,2021-03-27,1.4,0
1352,44.0,Finance,95731.0,2023-05-11,3.5,1
1353,30.0,Finance,64858.0,2019-05-31,,1
1354,33.0,HR,88689.0,2020-06-16,1.0,0
1355,22.0,Engineering,,2020-02-12,4.4,0
1356,22.0,HR,131598.0,2018-04-22,1.7,1
1357,55.0,Engineering,142386.0,2020-07-30,3.2,1
1358,53.0,Sales,86486.0,2022-12-14,2.7,0
1359,,Engineering,60567.0,2020-07-18,3.9,0
1360,22.0,HR,,2020-03-10,2.5,0
1361,37.0,Finance,97804.0,2019-03-26,4.5,1
1362,26.0,Engineering,148821.0,2018-11-09,3.9,1
1363,43.0,Engineering,43754.0,2019-12-22,3.6,0
1364,50.0,Marketing,67044.0,2018-07-24,4.2,1
1365,24.0,Finance,107260.0,2019-05-31,4.0,0
1366,33.0,Sales,106912.0,2021-05-16,1.1,1
1367,47.0,HR,48706.0,2023-01-17,2.6,0
1368,37.0,Sales,48894.0,2022-08-24,4.7,1
1369,58.0,Finance,58037.0,2021-04-07,1.5,0
1370,43.0,Engineering,123986.0,2022-03-11,3.9,0
1371,50.0,Engineering,121942.0,2021-10-07,4.9,0
1372,35.0,Finance,91612.0,2020-12-22,1.2,1
1373,49.0,Engineering,69725.0,2019-12-30,3.7,1
1374,26.0,Engineering,45926.0,2019-12-22,2.9,1
1375,51.0,Engineering,144555.0,2019-02-19,3.3,1
1376,26.0,HR,49496.0,2022-05-30,1.3,0
1377,33.0,HR,96447.0,2022-10-03,1.2,0
1378,37.0,Marketing,141604.0,2018-06-21,3.7,0
1379,47.0,Sales,69806.0,2019-12-08,4.3,0
1380,47.0,Finance,128199.0,2021-02-07,4.1,0
1381,42.0,Finance,81321.0,2018-04-04,3.2,0
1382,57.0,Finance,142031.0,2022-03-25,1.4,0
1383,54.0,Marketing,105095.0,2021-08-14,3.8,0
1384,51.0,nan,62656.0,2020-02-23,2.0,0
1385,58.0,Marketing,95147.0,2022-09-25,4.6,0
1386,44.0,Finance,131396.0,2019-10-16,4.4,1
1387,31.0,Sales,89666.0,2019-08-23,3.8,0
1388,26.0,Engineering,122368.0,2021-04-15,4.8,1
1389,,HR,,2021-02-15,1.1,0
1390,55.0,HR,102946.0,2022-04-09,3.9,0
1391,52.0,Marketing,61727.0,2018-08-10,2.3,0
1392,31.0,HR,148351.0,2018-01-02,,0
1393,40.0,Finance,135081.0,2019-09-13,2.1,0
1394,53.0,Finance,108056.0,2020-05-15,3.9,0
1395,22.0,Marketing,43081.0,2019-06-06,4.5,0
1396,26.0,Finance,74196.0,2022-04-27,1.2,0
1397,25.0,Sales,76735.0,2020-07-15,2.6,0
1398,37.0,Marketing,144749.0,2019-10-01,4.0,0
1399,45.0,Sales,120102.0,2018-10-26,2.8,0
1400,37.0,Engineering,119578.0,2023-03-31,2.1,0
1401,23.0,Sales,65498.0,2020-06-07,1.9,1
1402,49.0,Engineering,116865.0,2019-06-12,1.5,0
1403,53.0,Engineering,71656.0,2018-03-18,4.4,0
1404,48.0,Sales,,2020-10-03,3.3,1
1405,41.0,Marketing,77900.0,2021-01-18,1.3,0
1406,45.0,Finance,124899.0,2018-01-27,2.5,0
1407,33.0,Finance,,2022-11-12,2.5,0
1408,56.0,Engineering,148777.0,2020-06-03,1.7,0
1409,54.0,Engineering,,2019-11-01,2.7,0
1410,54.0,Marketing,50805.0,2021-02-03,2.3,1
1411,58.0,HR,75851.0,2021-09-06,2.4,0
1412,33.0,Sales,66832.0,2022-05-03,4.0,0
1413,24.0,Engineering,103437.0,2023-06-21,1.9,0
1414,22.0,Finance,53944.0,2021-10-25,3.6,0
1415,54.0,Marketing,59873.0,2022-03-22,3.3,0
1416,31.0,Sales,80372.0,2021-02-02,3.3,0
1417,50.0,Marketing,129464.0,2022-03-03,3.7,0
1418,34.0,Sales,,2021-09-22,3.2,0
1419,33.0,Sales,76751.0,2018-07-16,4.5,0
1420,52.0,Engineering,140082.0,2018-07-19,3.7,0
1421,23.0,Marketing,129822.0,2020-07-27,3.2,1
1422,56.0,Marketing,45110.0,2020-10-12,4.3,0
1423,44.0,Finance,94341.0,2019-07-12,3.4,0
1424,38.0,nan,52087.0,2022-06-06,2.2,0
1425,47.0,Engineering,63762.0,2020-11-24,,0
1426,29.0,Engineering,122617.0,2022-02-18,1.6,0
1427,50.0,HR,140483.0,2022-02-15,4.6,0
1428,47.0,Finance,49596.0,2020-08-31,3.8,0
1429,31.0,Sales,143555.0,2022-12-19,4.7,1
1430,47.0,Marketing,,2019-12-03,3.4,0
1431,55.0,Engineering,58313.0,2021-11-29,2.9,0
1432,28.0,Marketing,106549.0,2020-04-30,1.2,1
1433,25.0,Marketing,63705.0,2022-09-14,3.7,1
1434,32.0,HR,107364.0,2019-02-01,3.3,1
1435,50.0,Finance,,2018-03-20,5.0,0
1436,57.0,Engineering,143892.0,2020-12-25,2.0,0
1437,46.0,Marketing,118645.0,2023-03-03,3.1,0
1438,42.0,Engineering,42023.0,2022-06-05,3.6,0
1439,57.0,Sales,99796.0,2020-10-31,3.6,0
1440,31.0,HR,120073.0,2020-01-30,3.2,0
1441,58.0,Sales,,2021-11-26,4.1,1
1442,30.0,Engineering,104429.0,2021-09-24,1.8,0
1443,45.0,Engineering,144195.0,2021-11-06,3.9,1
1444,56.0,Finance,101627.0,2018-10-07,3.5,0
1445,56.0,Marketing,73848.0,2020-09-18,4.6,0
1446,57.0,Marketing,77804.0,2021-08-25,4.4,0
1447,39.0,Sales,55379.0,2022-10-02,2.3,0
1448,53.0,HR,,2020-11-27,2.1,0
1449,45.0,Marketing,67766.0,2020-03-21,4.9,0
1450,44.0,Finance,149126.0,2023-06-21,3.1,1
1451,53.0,Sales,108099.0,2023-01-05,4.6,0
1452,58.0,Sales,76060.0,2022-11-11,1.7,0
1453,33.0,Finance,134733.0,2018-12-08,3.6,0
1454,34.0,HR,109122.0,2020-01-01,4.2,0
1455,44.0,Finance,56087.0,2022-10-05,4.8,0
1456,46.0,HR,88868.0,2022-05-15,2.3,0
1457,56.0,Finance,63225.0,2020-02-29,3.9,0
1458,51.0,Finance,135286.0,2019-09-03,3.2,0
1459,,Engineering,46643.0,2019-05-22,1.2,0
1460,41.0,Sales,133059.0,2021-04-11,3.8,0
1461,46.0,Finance,76727.0,2021-11-21,3.8,0
1462,43.0,Finance,51005.0,2019-08-05,4.7,0
1463,34.0,Marketing,149079.0,2022-04-27,3.0,0
1464,40.0,nan,105697.0,2022-08-24,1.9,0
1465,57.0,Marketing,56029.0,2023-01-23,1.2,0
1466,33.0,Sales,54226.0,2019-03-20,2.7,1
1467,40.0,Marketing,103646.0,2020-03-31,,0
1468,33.0,Finance,100603.0,2021-07-07,,1
1469,30.0,Finance,68731.0,2020-02-19,2.4,1
1470,28.0,Engineering,149458.0,2018-08-16,4.8,0
1471,49.0,nan,108926.0,2018-05-22,4.8,0
1472,35.0,HR,45997.0,2022-08-23,3.5,0
1473,52.0,Engineering,95506.0,2018-04-13,4.7,0
1474,40.0,Marketing,118229.0,2021-02-27,4.0,0
1475,37.0,Marketing,89815.0,2019-09-23,3.2,0
1476,26.0,Engineering,82092.0,2020-12-11,1.7,0
1477,,Finance,102539.0,2018-10-10,2.8,1
1478,33.0,Marketing,106077.0,2021-08-28,3.2,0
1479,46.0,Finance,61817.0,2020-09-04,4.5,0
1480,42.0,Engineering,77861.0,2021-09-29,2.9,0
1481,57.0,Finance,53428.0,2020-12-03,4.6,0
1482,44.0,Sales,83934.0,2022-10-27,3.7,0
1483,37.0,HR,50258.0,2018-01-30,,1
1484,35.0,Marketing,97775.0,2022-06-20,5.0,0
1485,,HR,121580.0,2021-11-01,3.1,0
1486,,Finance,134947.0,2020-11-02,2.6,0
1487,56.0,Marketing,45469.0,2018-12-18,3.6,1
1488,44.0,Finance,68854.0,2018-03-02,1.4,0
1489,50.0,Sales,46256.0,2019-02-09,3.5,0
1490,32.0,Engineering,116256.0,2018-10-22,3.0,0
1491,39.0,Marketing,73937.0,2022-02-18,2.6,0
1492,33.0,Sales,139134.0,2018-02-16,4.8,0
1493,30.0,Sales,41651.0,2020-01-02,3.1,0
1494,31.0,Marketing,90288.0,2021-12-09,1.9,0
1495,38.0,Finance,124730.0,2022-07-22,2.8,0
1496,59.0,Sales,65051.0,2021-12-05,4.7,1
1497,28.0,HR,67386.0,2019-02-04,1.7,0
1498,34.0,Sales,115054.0,2021-11-28,1.9,0
1499,30.0,Finance,56184.0,2023-06-10,1.1,0
1500,48.0,Finance,73787.0,2021-07-11,1.1,0
