Age,Experience,Salary
50,0,51785
36,2,43662
29,4,67417
42,14,83714
40,13,94342
44,2,57672
32,0,64271
32,4,52158
45,22,111858
57,13,103173
45,6,99508
24,2,49215
43,8,69253
23,2,60363
45,14,105272
51,25,116228
59,12,87458
23,2,63948
42,6,75420
54,31,112955
33,3,62730
43,4,77397
46,22,106436
48,6,82158
49,12,118585
37,14,96446
36,10,68616
24,0,34163
58,35,164196
28,4,61667
42,6,69942
30,2,58524
39,1,50296
25,1,48209
46,12,103472
35,13,70528
30,8,70631
47,20,115086
23,1,58310
41,11,80099
49,11,97296
28,3,69540
29,6,34753
56,27,156529
35,8,56719
38,6,50591
57,32,111308
25,0,30452
23,0,41427
27,2,43750
25,0,35562
50,19,95313
39,12,98508
47,8,91876
55,2,69772
31,6,35202
57,5,107600
35,7,70705
52,26,142094
36,8,49526
29,4,56328
35,0,53700
44,18,103887
42,9,91082
37,11,101005
39,14,71347
45,21,128252
47,23,128415
46,8,76930
50,19,88438
36,0,70198
22,1,49952
46,16,74251
28,1,43353
30,3,58908
45,11,93099
22,1,42086
29,6,67624
45,1,87283
32,2,75198
38,16,82757
29,4,47547
56,16,104332
56,1,34764
54,1,39879
26,3,30000
49,21,100284
28,6,82844
30,4,44171
29,0,30000
33,0,59743
55,18,104760
54,1,66280
44,20,101077
45,11,58472
58,25,141016
56,31,127728
43,5,58843
48,22,109006
56,3,69930
