Level,Salary
1.1,3793
1.5,6287
1.6,3987
1.8,7991
2.1,5921
2.1,1000
2.4,11192
2.5,8251
2.6,7010
2.8,7649
2.8,7760
3.1,3656
3.3,18598
3.6,13389
3.8,8163
3.9,11366
3.9,14793
4.3,14589
4.4,7650
4.7,17173
4.7,14866
5.1,18803
5.4,28742
5.4,23855
5.4,20368
5.7,23839
5.8,21249
5.8,17338
6.1,26758
7.2,36284
7.5,34337
7.7,38255
8.0,34146
8.0,40020
8.3,42986
8.3,39937
8.5,40726
8.5,50236
8.8,53720
8.8,50668
8.9,43740
9.6,56852
9.6,50757
9.8,56882
10.0,60348
10.3,60212
11.3,76510
11.4,74812
11.6,80086
11.9,77044
12.3,89596
12.9,92842
12.9,91430
13.3,98536
13.5,104317
13.5,99018
13.6,104769
14.0,117229
14.1,115852
14.5,116610
15.2,130075
15.3,126142
15.4,126030
15.4,130746
15.6,144825
15.7,140129
16.0,145895
16.3,145862
16.9,156067
17.4,168011
18.0,177993
18.0,181002
18.1,189492
18.5,194259
18.5,191011
18.6,191947
19.3,204563
19.5,206067
19.5,206905
19.5,204677
19.6,209415
19.8,214137
20.3,227084
20.4,228374
20.6,233968
20.9,242559
21.0,239381
21.7,264608
21.8,257347
22.3,274799
22.5,273611
22.8,285728
23.1,290179
23.5,300024
23.8,305824
23.8,306722
24.2,309345
24.3,320860
24.3,315583
24.7,332872
